<?xml version="1.0" encoding="UTF-8"?>
<config xmlns="http://www.knime.org/2008/09/XMLConfig" xmlns:xsi="http://www.w3.org/2001/XMLSchema-instance" xsi:schemaLocation="http://www.knime.org/2008/09/XMLConfig http://www.knime.org/XMLConfig_2008_09.xsd" key="internals">
<config key="betas">
<entry key="array-size" type="xint" value="3"/>
<entry key="0" type="xdouble" value="4.188019490071472"/>
<entry key="1" type="xdouble" value="8.470034637382861"/>
<entry key="2" type="xdouble" value="0.20208240833866237"/>
</config>
<config key="columnNames">
<entry key="array-size" type="xint" value="1"/>
<entry key="0" type="xstring" value="Hours"/>
</config>
<entry key="squaredError" type="xdouble" value="20.05945405596901"/>
<entry key="adjustedSquaredError" type="xdouble" value="0.9608097251144166"/>
<config key="meanValues">
<entry key="array-size" type="xint" value="1"/>
<entry key="0" type="xdouble" value="4.829411764705882"/>
</config>
<config key="stdErrors">
<entry key="array-size" type="xint" value="3"/>
<entry key="0" type="xdouble" value="2.8701296265044345"/>
<entry key="1" type="xdouble" value="0.26918090229562874"/>
<entry key="2" type="xdouble" value="6.626590998163812"/>
</config>
<config key="tValues">
<entry key="array-size" type="xint" value="3"/>
<entry key="0" type="xdouble" value="2.9510982915773805"/>
<entry key="1" type="xdouble" value="0.7507308528029405"/>
<entry key="2" type="xdouble" value="0.6320021095661323"/>
</config>
<config key="pValues">
<entry key="array-size" type="xint" value="3"/>
<entry key="0" type="xdouble" value="0.010522990624700856"/>
<entry key="1" type="xdouble" value="0.4652465171610305"/>
<entry key="2" type="xdouble" value="0.5375701119295473"/>
</config>
</config>
