<?xml version="1.0" encoding="UTF-8"?>
<config xmlns="http://www.knime.org/2008/09/XMLConfig" xmlns:xsi="http://www.w3.org/2001/XMLSchema-instance" xsi:schemaLocation="http://www.knime.org/2008/09/XMLConfig http://www.knime.org/XMLConfig_2008_09.xsd" key="spec.xml">
<entry key="spec_name" type="xstring" value="default"/>
<entry key="number_columns" type="xint" value="1"/>
<config key="column_spec_0">
<entry key="column_name" type="xstring" value="AggregatedValues"/>
<config key="element_names">
<entry key="array-size" type="xint" value="16"/>
<entry key="0" type="xstring" value="Apple"/>
<entry key="1" type="xstring" value="Bread"/>
<entry key="2" type="xstring" value="Butter"/>
<entry key="3" type="xstring" value="Cheese"/>
<entry key="4" type="xstring" value="Corn"/>
<entry key="5" type="xstring" value="Dill"/>
<entry key="6" type="xstring" value="Eggs"/>
<entry key="7" type="xstring" value="Ice cream"/>
<entry key="8" type="xstring" value="Kidney Beans"/>
<entry key="9" type="xstring" value="Milk"/>
<entry key="10" type="xstring" value="Nutmeg"/>
<entry key="11" type="xstring" value="Onion"/>
<entry key="12" type="xstring" value="Sugar"/>
<entry key="13" type="xstring" value="Unicorn"/>
<entry key="14" type="xstring" value="Yogurt"/>
<entry key="15" type="xstring" value="chocolate"/>
</config>
<config key="column_type">
<config key="collection_element_type">
<entry key="cell_class" type="xstring" value="org.knime.core.data.def.StringCell"/>
</config>
<entry key="cell_class" type="xstring" value="org.knime.core.data.collection.ListCell"/>
</config>
<config key="column_domain"/>
<config key="column_properties"/>
</config>
</config>
