<?xml version="1.0" encoding="UTF-8"?>
<config xmlns="http://www.knime.org/2008/09/XMLConfig" xmlns:xsi="http://www.w3.org/2001/XMLSchema-instance" xsi:schemaLocation="http://www.knime.org/2008/09/XMLConfig http://www.knime.org/XMLConfig_2008_09.xsd" key="filestore">
<config key="filestore_keys">
<config key="filestore_key_0">
<entry key="storeUUID" type="xstring" value="e2a61a29-c416-40b7-9c8e-33c78e1dd6a9"/>
<entry key="index" type="xint" value="0"/>
<entry key="name" type="xstring" value="3c99847f-a0b8-4191-b81a-75d669518039"/>
<entry key="iterationIndex" type="xint" value="-1"/>
</config>
</config>
</config>
